place,name,blkgrps,population,households,alltransit_performance_score
"""0500250""","""Adona""",0.02,22.61,8.66,0.0
"""0500580""","""Alexander""",0.46,900.96,327.04,0.1
"""0500700""","""Alicia""",0.00,0.89,0.37,0.0
"""0500940""","""Allport""",0.00,2.29,0.86,0.0
"""0500970""","""Alma""",1.78,3236.64,1155.77,0.0
"""0501030""","""Almyra""",0.00,1.98,0.90,0.0
"""0501060""","""Alpena""",0.02,36.24,13.90,0.0
"""0501150""","""Altheimer""",0.03,16.81,5.87,0.0
"""0501210""","""Altus""",0.06,124.55,49.53,0.0
"""0501270""","""Amagon""",0.00,0.56,0.29,0.0
"""0501360""","""Amity""",0.04,41.07,15.41,0.0
"""0501457""","""Anthonyville""",0.00,0.41,0.19,0.0
"""0501540""","""Antoine""",0.01,4.79,2.18,0.0
"""0501870""","""Arkadelphia""",6.54,7515.53,2914.99,0.5
"""0501990""","""Arkansas City""",0.01,3.74,1.70,0.0
"""0502380""","""Ashdown""",1.66,1524.02,642.34,0.0
"""0502470""","""Ash Flat""",0.14,239.82,99.20,0.0
"""0502590""","""Atkins""",0.49,735.80,267.24,0.0
"""0502680""","""Aubrey""",0.01,4.73,2.12,0.0
"""0502740""","""Augusta""",0.02,31.25,13.53,0.0
"""0502860""","""Austin""",0.58,1237.50,463.04,0.0
"""0503010""","""Avilla""",0.50,901.66,316.78,0.0
"""0503040""","""Avoca""",0.21,423.52,149.25,0.0
"""0503280""","""Bald Knob""",0.50,479.54,198.17,0.0
"""0503430""","""Banks""",0.00,1.13,0.53,0.0
"""0503640""","""Barling""",2.00,4456.99,1797.89,0.0
"""0503940""","""Bassett""",0.00,3.23,1.48,0.0
"""0504030""","""Batesville""",5.06,5728.93,2304.65,0.0
"""0504090""","""Bauxite""",0.39,985.41,366.92,0.0
"""0504180""","""Bay""",0.16,217.69,88.12,0.0
"""0504420""","""Bearden""",0.38,304.22,110.44,0.0
"""0504540""","""Beaver""",0.01,17.66,8.32,0.0
"""0504600""","""Beebe""",2.69,4352.71,1571.75,0.0
"""0504720""","""Beedeville""",0.01,5.72,2.98,0.0
"""0504840""","""Bella Vista""",13.51,26454.50,11133.47,0.0
"""0504900""","""Bellefonte""",0.02,40.71,17.12,0.0
"""0504960""","""Belleville""",0.04,85.11,26.59,0.0
"""0505260""","""Ben Lomond""",0.03,43.85,19.50,0.0
"""0505290""","""Benton""",15.06,27853.70,10633.05,0.0
"""0505320""","""Bentonville""",21.62,37703.35,13813.09,1.2
"""0505440""","""Bergman""",0.02,52.56,18.36,0.0
"""0505560""","""Berryville""",0.67,1177.18,390.07,0.0
"""0505740""","""Bethel Heights""",0.56,1405.81,435.24,0.0
"""0505920""","""Bigelow""",0.03,32.79,12.65,0.0
"""0505980""","""Big Flat""",0.01,6.44,3.22,0.0
"""0506040""","""Biggers""",0.02,8.07,3.40,0.0
"""0506340""","""Birdsong""",0.00,1.61,0.74,0.0
"""0506610""","""Black Oak""",0.01,4.43,1.67,0.0
"""0506700""","""Black Rock""",0.16,216.63,74.63,0.0
"""0506730""","""Black Springs""",0.01,9.18,4.19,0.0
"""0507030""","""Blevins""",0.01,15.13,5.62,0.0
"""0507150""","""Blue Eye""",0.00,2.15,0.81,0.0
"""0507210""","""Blue Mountain""",0.02,19.81,7.48,0.0
"""0507270""","""Bluff City""",0.02,6.98,3.41,0.0
"""0507330""","""Blytheville""",15.64,13628.53,5619.56,0.0
"""0507450""","""Bodcaw""",0.03,29.98,12.96,0.0
"""0507540""","""Bonanza""",0.27,590.86,224.75,0.0
"""0507630""","""Bono""",0.27,822.36,293.99,0.0
"""0507720""","""Booneville""",2.05,2172.97,840.58,0.0
"""0508260""","""Bradford""",0.01,17.54,6.62,0.0
"""0508290""","""Bradley""",0.01,9.20,3.33,0.0
"""0508440""","""Branch""",0.11,100.92,39.63,0.0
"""0508665""","""Briarcliff""",0.11,132.11,63.74,0.0
"""0508950""","""Brinkley""",0.68,576.26,233.19,0.0
"""0509100""","""Brookland""",0.72,2427.10,941.91,0.0
"""0509460""","""Bryant""",8.70,19744.65,7648.45,0.0
"""0509550""","""Buckner""",0.06,30.45,14.10,0.0
"""0509790""","""Bull Shoals""",1.40,1663.73,687.40,0.0
"""0509880""","""Burdette""",0.01,13.09,5.36,0.0
"""0510300""","""Cabot""",7.58,15300.02,5796.67,0.0
"""0510360""","""Caddo Valley""",0.07,177.19,73.41,0.0
"""0510450""","""Caldwell""",0.15,213.25,86.06,0.0
"""0510480""","""Cale""",0.01,14.79,5.67,0.0
"""0510570""","""Calico Rock""",0.14,248.07,87.16,0.0
"""0510600""","""Calion""",0.05,42.59,16.04,0.0
"""0510720""","""Camden""",10.17,7837.38,3166.81,0.0
"""0510780""","""Cammack Village""",1.00,926.65,365.86,0.4
"""0510900""","""Campbell Station""",0.25,254.65,93.75,0.0
"""0511410""","""Caraway""",0.18,193.32,75.98,0.0
"""0511500""","""Carlisle""",0.51,665.29,270.08,0.0
"""0511830""","""Carthage""",0.00,3.69,1.40,0.0
"""0511890""","""Casa""",0.02,24.32,9.31,0.0
"""0511920""","""Cash""",0.00,4.16,1.45,0.0
"""0512190""","""Caulksville""",0.07,62.03,26.75,0.0
"""0512280""","""Cave City""",0.46,561.69,227.75,0.0
"""0512340""","""Cave Springs""",1.57,4247.68,1522.66,0.1
"""0512520""","""Cedarville""",0.18,468.84,176.79,0.0
"""0512790""","""Center Ridge""",0.11,195.01,71.00,0.0
"""0512820""","""Centerton""",4.56,10172.33,3511.07,0.0
"""0513120""","""Central City""",0.13,279.89,104.98,0.0
"""0513300""","""Charleston""",0.21,357.58,131.25,0.0
"""0513420""","""Cherokee City""",0.01,16.66,5.92,0.0
"""0513450""","""Cherokee Village""",4.38,2917.80,1372.04,0.0
"""0513540""","""Cherry Valley""",0.07,70.33,27.61,0.0
"""0513570""","""Chester""",0.01,13.34,5.59,0.0
"""0513750""","""Chidester""",0.05,71.00,32.17,0.0
"""0513990""","""Clarendon""",0.03,35.38,15.73,0.0
"""0514050""","""Clarkedale""",0.13,201.46,78.93,0.0
"""0514140""","""Clarksville""",5.46,6273.19,2340.52,0.0
"""0514260""","""Clinton""",0.33,539.88,229.42,0.0
"""0514500""","""Coal Hill""",0.11,171.31,63.52,0.0
"""0514860""","""College Station""",0.57,454.28,206.96,3.3
"""0514950""","""Colt""",0.07,57.42,33.50,0.0
"""0515100""","""Concord""",0.06,78.05,34.08,0.0
"""0515190""","""Conway""",29.47,57625.74,21528.86,0.0
"""0515310""","""Corinth""",0.06,141.17,44.10,0.0
"""0515460""","""Corning""",0.95,699.42,324.17,0.0
"""0515490""","""Cotter""",1.07,1081.18,432.85,0.0
"""0515550""","""Cotton Plant""",0.02,7.20,3.57,0.0
"""0515700""","""Cove""",0.01,10.82,5.26,0.0
"""0515790""","""Coy""",0.01,5.50,1.88,0.0
"""0515940""","""Crawfordsville""",0.04,37.86,12.45,0.0
"""0516240""","""Crossett""",2.27,2531.55,925.18,0.0
"""0516930""","""Cushman""",0.06,85.17,33.86,0.0
"""0517140""","""Daisy""",0.01,10.97,4.65,0.0
"""0517290""","""Damascus""",0.06,72.74,27.24,0.0
"""0517320""","""Danville""",0.17,250.87,77.14,0.0
"""0517380""","""Dardanelle""",2.46,2588.86,979.12,0.0
"""0517410""","""Datto""",0.01,5.88,2.56,0.0
"""0517740""","""Decatur""",0.21,392.45,122.56,0.0
"""0518010""","""Delaplaine""",0.01,14.41,5.63,0.0
"""0518100""","""Delight""",0.01,8.41,3.72,0.0
"""0518160""","""Dell""",0.03,27.30,11.17,0.0
"""0518340""","""Dennard""",0.19,340.75,130.89,0.0
"""0518370""","""Denning""",0.04,86.79,33.90,0.0
"""0518490""","""De Queen""",3.36,4954.82,1347.06,0.0
"""0518520""","""Dermott""",1.03,798.41,311.32,0.0
"""0518550""","""Des Arc""",0.54,537.45,244.93,0.0
"""0518640""","""De Valls Bluff""",0.05,48.43,20.55,0.0
"""0518790""","""DeWitt""",1.08,1275.96,526.61,0.0
"""0518850""","""Diamond City""",0.33,306.86,151.42,0.0
"""0518940""","""Diaz""",0.79,812.04,299.11,0.0
"""0518970""","""Dierks""",0.34,370.60,133.04,0.0
"""0519450""","""Donaldson""",0.01,6.50,2.29,0.0
"""0519600""","""Dover""",0.28,338.16,126.75,0.0
"""0519990""","""Dumas""",1.78,1567.00,727.75,0.0
"""0520200""","""Dyer""",0.16,316.00,112.84,0.0
"""0520230""","""Dyess""",0.03,13.93,4.76,0.0
"""0520320""","""Earle""",0.67,395.24,175.84,0.0
"""0520440""","""East Camden""",0.02,41.27,16.05,0.0
"""0520470""","""East End""",3.46,5858.42,2095.62,0.0
"""0520830""","""Edmondson""",0.04,16.97,7.78,0.0
"""0520920""","""Egypt""",0.01,3.50,1.37,0.0
"""0520950""","""Elaine""",0.00,2.61,1.13,0.0
"""0521070""","""El Dorado""",18.24,15007.72,5991.48,0.0
"""0521190""","""Elkins""",0.27,930.28,320.77,0.2
"""0521430""","""Elm Springs""",1.11,2474.33,913.79,0.5
"""0521580""","""Emerson""",0.01,8.71,4.04,0.0
"""0521610""","""Emmet""",0.02,18.02,7.24,0.0
"""0521730""","""England""",0.19,188.52,72.55,0.0
"""0521820""","""Enola""",0.04,72.41,28.56,0.0
"""0522120""","""Etowah""",0.07,44.81,18.40,0.0
"""0522180""","""Eudora""",0.31,285.16,140.07,0.0
"""0522240""","""Eureka Springs""",0.71,995.12,444.97,0.0
"""0522360""","""Evening Shade""",0.05,37.56,17.08,0.0
"""0522450""","""Everton""",0.01,17.55,7.85,0.0
"""0522660""","""Fairfield Bay""",1.30,1618.41,714.17,0.0
"""0523140""","""Fargo""",0.02,12.10,4.66,0.0
"""0523170""","""Farmington""",1.12,3290.53,1383.88,1.8
"""0523290""","""Fayetteville""",41.76,75949.47,31902.76,3.9
"""0523320""","""Felsenthal""",0.03,27.56,10.46,0.0
"""0523680""","""Fifty-Six""",0.02,12.35,5.08,0.0
"""0523800""","""Fisher""",0.00,1.46,0.65,0.0
"""0524010""","""Flippin""",0.11,156.49,65.79,0.0
"""0524220""","""Fordyce""",2.06,1769.10,769.51,0.0
"""0524250""","""Foreman""",0.08,72.34,30.29,0.0
"""0524430""","""Forrest City""",9.99,10334.79,2864.47,0.0
"""0524550""","""Fort Smith""",72.69,84935.61,34144.92,2.0
"""0524640""","""Fouke""",0.12,160.18,55.01,0.0
"""0524670""","""Fountain Hill""",0.01,6.88,2.86,0.0
"""0524700""","""Fountain Lake""",0.46,674.33,327.80,0.0
"""0524760""","""Fourche""",0.01,7.60,2.93,0.0
"""0525030""","""Franklin""",0.04,31.92,15.25,0.0
"""0525060""","""Fredonia (Biscoe)""",0.04,22.65,10.31,0.0
"""0525180""","""Friendship""",0.02,24.60,9.41,0.0
"""0525360""","""Fulton""",0.00,2.16,1.04,0.0
"""0525750""","""Garfield""",0.14,178.33,67.92,0.0
"""0525780""","""Garland""",0.00,7.01,2.35,0.0
"""0525900""","""Garner""",0.01,31.96,11.20,0.0
"""0526050""","""Gassville""",0.55,1085.43,386.41,0.0
"""0526110""","""Gateway""",0.25,332.88,127.96,0.0
"""0526290""","""Gentry""",1.78,2718.19,1003.99,0.0
"""0526440""","""Georgetown""",0.00,1.66,0.79,0.0
"""0526710""","""Gibson""",1.38,2537.13,890.25,0.3
"""0526800""","""Gilbert""",0.01,3.97,2.06,0.0
"""0526980""","""Gillett""",0.49,400.09,161.62,0.0
"""0527010""","""Gillham""",0.01,31.02,12.65,0.0
"""0527040""","""Gilmore""",0.20,85.85,36.94,0.0
"""0527310""","""Glenwood""",1.41,1646.03,678.90,0.0
"""0527670""","""Goshen""",0.52,1894.78,699.08,0.7
"""0527700""","""Gosnell""",0.30,374.02,137.05,0.0
"""0527730""","""Gould""",0.01,77.48,7.21,0.0
"""0527790""","""Grady""",0.05,21.77,11.68,0.0
"""0527970""","""Grannis""",0.13,130.04,48.90,0.0
"""0528360""","""Gravette""",1.27,1997.42,761.77,0.0
"""0528510""","""Greenbrier""",0.94,1925.68,683.69,0.0
"""0528600""","""Green Forest""",0.57,1000.63,320.04,0.0
"""0528660""","""Greenland""",0.36,695.52,276.41,0.7
"""0528720""","""Greenway""",0.00,3.58,1.27,0.0
"""0528780""","""Greenwood""",1.55,3679.23,1305.25,0.0
"""0528810""","""Greers Ferry""",0.55,530.86,224.46,0.0
"""0528990""","""Griffithville""",0.00,2.28,1.08,0.0
"""0529020""","""Grubbs""",0.01,25.82,2.63,0.0
"""0529080""","""Guion""",0.01,3.81,2.13,0.0
"""0529140""","""Gum Springs""",0.05,44.05,20.71,0.0
"""0529200""","""Gurdon""",0.99,436.99,176.03,0.0
"""0529230""","""Guy""",0.21,396.33,135.13,0.0
"""0529290""","""Hackett""",0.08,157.77,61.35,0.0
"""0529320""","""Hagarville""",0.05,100.39,34.84,0.0
"""0529500""","""Hamburg""",0.22,226.19,91.94,0.0
"""0529650""","""Hampton""",0.12,116.56,52.27,0.0
"""0529920""","""Hardy""",0.50,405.29,208.67,0.0
"""0530310""","""Harrell""",0.00,3.30,1.26,0.0
"""0530400""","""Harrisburg""",0.49,771.87,284.62,0.0
"""0530460""","""Harrison""",6.97,8655.10,3813.91,0.0
"""0530490""","""Hartford""",0.04,58.48,22.84,0.0
"""0530520""","""Hartman""",0.03,63.19,24.48,0.0
"""0530640""","""Haskell""",0.38,932.90,271.88,0.0
"""0530700""","""Hatfield""",0.02,34.53,13.81,0.0
"""0530790""","""Havana""",0.02,15.93,6.13,0.0
"""0530880""","""Haynes""",0.00,3.49,0.33,0.0
"""0530940""","""Hazen""",0.28,236.71,107.52,0.0
"""0531090""","""Heber Springs""",4.74,4469.63,1885.69,0.0
"""0531150""","""Hector""",0.01,25.74,10.11,0.0
"""0531190""","""Helena-West Helena""",11.55,7875.97,2959.52,0.0
"""0531390""","""Hensley""",0.03,35.16,6.96,0.7
"""0531540""","""Hermitage""",0.02,31.49,12.08,0.0
"""0531900""","""Hickory Ridge""",0.01,3.86,1.96,0.0
"""0532080""","""Higden""",0.01,12.58,6.72,0.0
"""0532140""","""Higginson""",0.02,27.20,10.72,0.0
"""0532200""","""Highfill""",0.72,1225.41,465.78,0.0
"""0532257""","""Highland""",0.88,962.31,369.82,0.0
"""0532470""","""Hindsville""",0.01,13.55,5.04,0.0
"""0532650""","""Holiday Island""",0.81,1516.13,752.04,0.0
"""0532710""","""Holland""",0.11,230.53,90.34,0.0
"""0532800""","""Holly Grove""",0.05,31.74,13.34,0.0
"""0533190""","""Hope""",6.37,6584.87,2220.85,0.9
"""0533310""","""Horatio""",0.07,106.04,36.83,0.0
"""0533370""","""Horseshoe Bend""",1.09,1413.21,610.00,0.0
"""0533375""","""Horseshoe Lake""",0.01,5.31,2.09,0.0
"""0533400""","""Hot Springs""",30.96,33950.24,14516.26,2.0
"""0533482""","""Hot Springs Village""",8.13,13014.07,6475.84,0.0
"""0533490""","""Houston""",0.03,48.78,15.90,0.0
"""0533580""","""Hoxie""",1.24,1070.68,470.57,0.1
"""0533760""","""Hughes""",0.28,193.17,81.89,0.0
"""0533820""","""Humnoke""",0.01,4.10,1.56,0.0
"""0533850""","""Humphrey""",0.02,11.31,4.71,0.0
"""0533910""","""Hunter""",0.00,3.42,1.63,0.0
"""0533940""","""Huntington""",0.01,26.31,9.49,0.0
"""0533970""","""Huntsville""",0.34,512.38,186.86,0.0
"""0534090""","""Huttig""",0.07,57.50,21.82,0.0
"""0534150""","""Imboden""",0.03,37.21,16.82,0.0
"""0534720""","""Jacksonport""",0.03,38.00,14.18,0.0
"""0534750""","""Jacksonville""",18.35,26615.90,9071.65,0.4
"""0534900""","""Jasper""",0.02,20.22,8.37,0.0
"""0535040""","""Jennette""",0.04,29.46,10.54,0.0
"""0535140""","""Jericho""",0.01,8.23,3.23,0.0
"""0535170""","""Jerome""",0.00,0.13,0.07,0.0
"""0535500""","""Johnson""",0.86,2517.97,990.55,3.2
"""0535650""","""Joiner""",0.01,8.11,3.72,0.0
"""0535710""","""Jonesboro""",38.46,63766.77,24842.41,2.0
"""0536040""","""Judsonia""",0.56,721.88,281.09,0.0
"""0536130""","""Junction City""",0.01,14.31,5.92,0.0
"""0536310""","""Keiser""",0.00,4.12,1.35,0.0
"""0536430""","""Kensett""",0.25,357.15,146.68,0.0
"""0536550""","""Keo""",0.06,51.78,21.45,0.0
"""0536670""","""Kibler""",0.55,650.00,250.89,0.0
"""0536880""","""Kingsland""",0.02,20.05,9.27,0.0
"""0537060""","""Kirby""",0.11,151.12,58.34,0.0
"""0537240""","""Knobel""",0.01,3.01,1.37,0.0
"""0537300""","""Knoxville""",0.24,268.81,117.72,0.0
"""0537660""","""Lafe""",0.06,107.97,42.38,0.0
"""0537720""","""LaGrange""",0.00,0.83,0.47,0.0
"""0537780""","""Lake City""",0.15,214.13,78.67,0.0
"""0537930""","""Lake Hamilton""",1.09,2192.33,927.74,0.1
"""0538050""","""Lakeview""",0.16,208.45,104.72,0.0
"""0538110""","""Lake View""",0.01,25.58,11.04,0.0
"""0538170""","""Lake Village""",1.19,687.72,306.81,0.0
"""0538290""","""Lamar""",0.39,744.94,298.48,0.0
"""0538540""","""Landmark""",2.97,3187.12,1162.78,0.0
"""0538890""","""Lavaca""",0.32,903.68,331.42,0.0
"""0539010""","""Leachville""",0.12,129.54,50.02,0.0
"""0539040""","""Lead Hill""",0.01,15.84,6.47,0.0
"""0539310""","""Leola""",0.01,12.72,4.80,0.0
"""0539370""","""Lepanto""",1.08,966.32,333.32,0.0
"""0539460""","""Leslie""",0.02,18.02,6.99,0.0
"""0539520""","""Letona""",0.01,25.42,11.03,0.0
"""0539640""","""Lewisville""",0.06,62.49,24.41,0.0
"""0539670""","""Lexa""",0.01,13.65,5.48,0.0
"""0539970""","""Lincoln""",0.96,1105.45,430.19,1.1
"""0540120""","""Little Flock""",2.97,4667.21,1721.16,1.4
"""0541000""","""Little Rock""",147.75,190359.03,77423.26,3.3
"""0541090""","""Lockesburg""",0.07,93.56,34.38,0.0
"""0541270""","""London""",0.30,608.32,211.37,0.0
"""0541420""","""Lonoke""",0.39,673.21,250.52,0.0
"""0541450""","""Lonsdale""",0.01,18.28,5.45,0.0
"""0541555""","""Lost Bridge Village""",0.13,155.80,71.94,0.0
"""0541630""","""Louann""",0.00,2.57,0.98,0.0
"""0541720""","""Lowell""",3.09,7483.45,2615.55,0.1
"""0542170""","""Luxora""",0.14,105.89,42.94,0.0
"""0542260""","""Lynn""",0.03,35.81,14.12,0.0
"""0542350""","""McAlmont""",0.95,1131.59,407.58,3.2
"""0542410""","""McCaskill""",0.01,10.64,3.50,0.0
"""0542500""","""McCrory""",0.62,468.52,190.90,0.0
"""0542560""","""McDougal""",0.00,1.75,0.88,0.0
"""0542770""","""McGehee""",1.28,1052.61,447.92,0.0
"""0543070""","""McNab""",0.01,3.73,1.74,0.0
"""0543100""","""McNeil""",0.03,97.43,39.12,0.0
"""0543220""","""McRae""",0.02,34.04,11.93,0.0
"""0543280""","""Madison""",0.45,380.96,172.63,0.0
"""0543310""","""Magazine""",0.03,36.75,13.91,0.0
"""0543370""","""Magness""",0.02,18.05,9.06,0.0
"""0543430""","""Magnet Cove""",0.10,169.50,61.80,0.0
"""0543460""","""Magnolia""",3.17,8972.60,3359.31,0.0
"""0543610""","""Malvern""",6.41,6526.39,2642.78,0.9
"""0543670""","""Mammoth Spring""",0.34,239.37,106.50,0.0
"""0543820""","""Manila""",0.86,1362.78,563.45,0.0
"""0543880""","""Mansfield""",0.24,253.33,97.65,0.0
"""0544120""","""Marianna""",1.39,1015.93,424.47,0.0
"""0544150""","""Marie""",0.00,1.63,0.53,0.0
"""0544180""","""Marion""",5.85,9522.25,3339.50,0.1
"""0544210""","""Marked Tree""",1.91,1192.00,510.36,0.0
"""0544240""","""Marmaduke""",0.22,311.01,115.68,0.0
"""0544300""","""Marshall""",0.25,294.66,110.26,0.0
"""0544420""","""Marvell""",0.17,118.80,50.86,0.0
"""0544600""","""Maumelle""",4.98,15710.86,6551.48,0.8
"""0544750""","""Mayflower""",0.21,628.94,216.66,0.0
"""0544780""","""Maynard""",0.03,30.36,12.27,0.0
"""0544810""","""Maysville""",0.06,78.17,28.07,0.0
"""0545080""","""Melbourne""",0.19,329.51,132.21,0.0
"""0545170""","""Mena""",1.77,2136.67,854.88,0.0
"""0545200""","""Menifee""",0.05,85.25,33.40,0.0
"""0545500""","""Midland""",0.01,11.63,4.10,0.0
"""0545530""","""Midway""",0.42,495.08,249.12,0.0
"""0545560""","""Midway""",0.08,118.84,45.12,0.0
"""0546040""","""Mineral Springs""",0.39,372.06,142.29,0.0
"""0546100""","""Minturn""",0.00,3.77,1.58,0.0
"""0546190""","""Mitchellville""",0.23,198.44,91.28,0.0
"""0546400""","""Monette""",0.64,848.06,358.49,0.0
"""0546580""","""Monticello""",6.46,6336.69,2427.42,0.0
"""0546670""","""Montrose""",0.01,3.76,1.53,0.0
"""0546730""","""Moorefield""",0.11,182.97,67.15,0.0
"""0546910""","""Moro""",0.01,7.37,3.50,0.0
"""0546970""","""Morrilton""",2.11,3554.68,1467.32,0.0
"""0547030""","""Morrison Bluff""",0.02,47.57,16.62,0.0
"""0547300""","""Mountainburg""",0.02,21.64,9.41,0.0
"""0547390""","""Mountain Home""",5.16,6966.29,3328.08,0.0
"""0547450""","""Mountain Pine""",0.11,166.31,63.74,0.0
"""0547540""","""Mountain View""",1.27,1300.02,432.65,0.0
"""0547690""","""Mount Ida""",0.17,176.86,65.29,0.0
"""0547900""","""Mount Pleasant""",0.04,55.29,19.58,0.0
"""0548020""","""Mount Vernon""",0.02,20.29,8.44,0.0
"""0548200""","""Mulberry""",0.41,571.71,250.25,0.0
"""0548290""","""Murfreesboro""",0.04,64.84,24.43,0.0
"""0548560""","""Nashville""",2.40,2780.05,1121.96,0.0
"""0548680""","""Natural Steps""",0.09,116.63,49.13,0.5
"""0549010""","""Newark""",0.05,60.92,25.62,0.0
"""0549070""","""New Blaine""",0.02,27.33,11.99,0.0
"""0549220""","""New Edinburg""",0.03,19.29,7.13,0.0
"""0549580""","""Newport""",5.24,3857.88,1503.53,0.0
"""0549820""","""Nimmons""",0.00,2.22,0.98,0.0
"""0550000""","""Norfork""",0.06,88.77,38.86,0.0
"""0550030""","""Norman""",0.02,23.12,10.54,0.0
"""0550060""","""Norphlet""",0.63,361.58,153.84,0.0
"""0550240""","""North Crossett""",2.49,2360.89,923.08,0.0
"""0550450""","""North Little Rock""",53.31,63608.79,25184.39,3.1
"""0550810""","""Oak Grove""",0.04,80.93,30.57,0.0
"""0551060""","""Oak Grove Heights""",0.12,291.32,113.26,0.0
"""0551080""","""Oakhaven""",0.00,0.57,0.19,0.0
"""0551290""","""Oden""",0.01,7.36,3.08,0.0
"""0551350""","""Ogden""",0.01,7.00,2.84,0.0
"""0551410""","""Oil Trough""",0.00,3.09,1.34,0.0
"""0551500""","""O'Kean""",0.02,12.02,4.77,0.0
"""0551530""","""Okolona""",0.01,8.77,3.97,0.0
"""0551560""","""Ola""",0.05,55.06,21.34,0.0
"""0552160""","""Omaha""",0.00,9.97,3.98,0.0
"""0552430""","""Oppelo""",0.13,175.04,66.93,0.0
"""0552580""","""Osceola""",2.57,3428.19,1422.75,0.0
"""0552880""","""Oxford""",0.08,94.96,36.92,0.0
"""0552940""","""Ozan""",0.00,4.00,1.34,0.0
"""0552970""","""Ozark""",2.38,2615.21,1133.68,0.0
"""0553150""","""Palestine""",0.19,188.02,75.02,0.0
"""0553240""","""Pangburn""",0.02,35.58,15.43,0.0
"""0553390""","""Paragould""",13.72,23579.38,9261.57,0.0
"""0553480""","""Paris""",0.93,1227.03,519.54,0.0
"""0553510""","""Parkdale""",0.01,7.26,3.19,0.0
"""0553600""","""Parkin""",0.01,18.27,8.47,0.0
"""0553900""","""Patmos""",0.00,2.17,0.86,0.0
"""0553990""","""Patterson""",0.13,104.40,33.92,0.0
"""0554140""","""Peach Orchard""",0.01,7.46,3.39,0.0
"""0554200""","""Pea Ridge""",2.12,2645.17,923.45,0.0
"""0554620""","""Perla""",0.36,434.02,203.35,0.8
"""0554650""","""Perry""",0.01,15.41,5.90,0.0
"""0554680""","""Perrytown""",0.05,40.46,18.53,0.0
"""0554710""","""Perryville""",0.56,651.84,194.99,0.0
"""0555130""","""Piggott""",1.35,1264.12,565.78,0.0
"""0555280""","""Pindall""",0.05,28.76,14.16,0.0
"""0555310""","""Pine Bluff""",44.82,38801.74,15342.01,0.0
"""0555580""","""Pineville""",0.04,61.24,15.65,0.0
"""0555610""","""Piney""",2.84,4526.40,2028.05,1.5
"""0555970""","""Plainview""",0.05,49.46,20.07,0.0
"""0556270""","""Pleasant Plains""",0.02,26.00,10.76,0.0
"""0556480""","""Plumerville""",0.02,40.91,16.03,0.0
"""0556540""","""Pocahontas""",1.87,2443.46,1077.25,0.0
"""0556600""","""Pollard""",0.01,5.13,2.18,0.0
"""0556720""","""Portia""",0.04,35.38,14.45,0.0
"""0556750""","""Portland""",0.02,11.01,5.04,0.0
"""0556990""","""Pottsville""",0.54,1306.07,463.32,0.0
"""0557050""","""Powhatan""",0.01,11.88,4.10,0.0
"""0557080""","""Poyen""",0.01,9.08,3.15,0.0
"""0557125""","""Prairie Creek""",1.05,1812.55,787.04,0.0
"""0557170""","""Prairie Grove""",2.43,2694.83,990.45,0.9
"""0557230""","""Prattsville""",0.01,24.22,9.13,0.0
"""0557260""","""Prescott""",0.77,1138.09,410.25,0.0
"""0557890""","""Pyatt""",0.02,18.28,6.66,0.0
"""0557950""","""Quitman""",0.09,152.02,60.74,0.0
"""0558160""","""Ratcliff""",0.09,83.72,36.11,0.0
"""0558250""","""Ravenden""",0.06,41.44,19.84,0.0
"""0558280""","""Ravenden Springs""",0.01,10.50,3.92,0.0
"""0558400""","""Reader""",0.02,19.99,9.70,0.0
"""0558490""","""Rector""",0.29,336.28,124.20,0.0
"""0558580""","""Redfield""",0.12,225.17,83.91,0.0
"""0558880""","""Reed""",0.01,18.53,8.13,0.0
"""0559180""","""Reyno""",0.02,23.40,10.93,0.0
"""0559480""","""Rison""",0.09,91.87,32.87,0.0
"""0560020""","""Rockport""",0.58,631.04,239.40,0.6
"""0560110""","""Rockwell""",2.39,3913.55,1574.69,0.0
"""0560380""","""Roe""",0.00,1.92,0.93,0.0
"""0560410""","""Rogers""",30.07,56366.86,20255.06,1.7
"""0560470""","""Roland""",0.26,340.12,143.26,0.5
"""0560590""","""Rondo""",0.02,17.03,7.44,0.0
"""0560770""","""Rose Bud""",0.19,314.73,121.26,0.0
"""0561040""","""Rosston""",0.05,67.78,26.01,0.0
"""0561460""","""Rudy""",0.16,245.06,92.02,0.0
"""0561640""","""Russell""",0.01,12.97,4.99,0.0
"""0561670""","""Russellville""",13.92,25954.19,9741.29,0.0
"""0561730""","""Rye""",0.05,53.85,20.91,0.0
"""0561940""","""St. Charles""",0.01,4.10,1.69,0.0
"""0561970""","""St. Francis""",0.01,5.04,1.95,0.0
"""0562030""","""St. Joe""",0.02,12.92,6.53,0.0
"""0562060""","""St. Paul""",0.00,1.54,0.77,0.0
"""0562150""","""Salem""",0.15,182.19,80.16,0.0
"""0562210""","""Salem""",1.10,2399.21,884.31,0.0
"""0562240""","""Salesville""",0.22,264.73,128.43,0.0
"""0562900""","""Scott""",0.06,94.30,34.56,0.0
"""0562960""","""Scranton""",0.01,18.39,6.43,0.0
"""0563020""","""Searcy""",10.99,18648.56,6211.72,0.0
"""0563110""","""Sedgwick""",0.01,3.15,1.14,0.0
"""0563470""","""Shannon Hills""",0.64,1471.83,486.63,0.0
"""0563710""","""Sheridan""",2.33,3011.25,1183.00,0.0
"""0563740""","""Sherrill""",0.00,0.98,0.47,0.0
"""0563800""","""Sherwood""",20.38,31588.82,12455.39,0.7
"""0563980""","""Shirley""",0.06,102.85,44.52,0.0
"""0564280""","""Sidney""",0.05,20.42,8.33,0.0
"""0564370""","""Siloam Springs""",7.71,12717.78,4039.33,0.0
"""0564730""","""Smackover""",0.85,1516.43,591.16,0.0
"""0564910""","""Smithville""",0.01,9.95,3.50,0.0
"""0565480""","""South Lead Hill""",0.00,3.11,1.27,0.0
"""0565630""","""Southside""",1.53,1846.71,729.44,0.0
"""0565900""","""Sparkman""",0.01,9.47,3.82,0.0
"""0566080""","""Springdale""",31.43,74997.80,25050.89,2.8
"""0566200""","""Springtown""",0.03,79.53,24.30,0.0
"""0566320""","""Stamps""",0.61,484.33,183.10,0.0
"""0566440""","""Star City""",0.78,853.72,341.09,0.0
"""0566800""","""Staves""",0.02,18.74,7.12,0.0
"""0566860""","""Stephens""",0.36,272.01,116.41,0.0
"""0567250""","""Strawberry""",0.05,52.09,20.89,0.0
"""0567370""","""Strong""",0.02,17.23,8.49,0.0
"""0567490""","""Stuttgart""",4.54,4159.34,1619.00,0.0
"""0567520""","""Subiaco""",0.03,36.23,12.64,0.0
"""0567550""","""Success""",0.00,2.12,0.92,0.0
"""0567730""","""Sulphur Rock""",0.04,44.30,19.44,0.0
"""0567760""","""Sulphur Springs""",0.08,66.85,26.13,0.0
"""0567790""","""Sulphur Springs""",0.48,834.14,337.99,0.0
"""0567940""","""Summit""",0.11,65.58,29.52,0.0
"""0568060""","""Sunset""",0.02,27.59,10.03,0.0
"""0568330""","""Sweet Home""",0.58,620.18,236.76,1.8
"""0568360""","""Swifton""",0.13,99.80,45.59,0.0
"""0568660""","""Taylor""",0.00,12.58,4.77,0.0
"""0568810""","""Texarkana""",25.13,27602.12,10855.35,2.2
"""0569050""","""Thornton""",0.02,14.43,5.17,0.0
"""0569230""","""Tillar""",0.02,26.65,11.17,0.0
"""0569350""","""Tinsman""",0.00,2.80,1.07,0.0
"""0569500""","""Tollette""",0.01,15.33,5.57,0.0
"""0569740""","""Tontitown""",1.46,3010.23,1126.60,0.2
"""0569830""","""Traskwood""",0.33,494.16,155.70,0.0
"""0570010""","""Trumann""",2.96,3328.81,1369.61,0.0
"""0570100""","""Tuckerman""",0.60,570.00,233.46,0.0
"""0570220""","""Tull""",0.06,61.32,27.08,0.0
"""0570310""","""Tumbling Shoals""",0.27,292.95,141.44,0.0
"""0570340""","""Tupelo""",0.00,2.31,1.00,0.0
"""0570430""","""Turrell""",0.07,80.35,31.49,0.0
"""0570540""","""Twin Groves""",0.18,216.77,81.36,0.0
"""0570700""","""Tyronza""",0.25,238.26,92.51,0.0
"""0570760""","""Ulm""",0.00,1.81,0.80,0.0
"""0571390""","""Valley Springs""",0.01,24.50,9.16,0.0
"""0571480""","""Van Buren""",9.56,18120.72,6993.82,0.0
"""0571510""","""Vandervoort""",0.01,6.11,2.05,0.0
"""0571900""","""Victoria""",0.00,3.61,0.75,0.0
"""0571960""","""Vilonia""",0.61,2196.55,764.84,0.0
"""0572140""","""Viola""",0.02,19.67,8.45,0.0
"""0572230""","""Wabbaseka""",0.00,4.63,1.42,0.0
"""0572320""","""Waldenburg""",0.00,0.65,0.29,0.0
"""0572350""","""Waldo""",0.04,103.03,41.65,0.0
"""0572380""","""Waldron""",0.91,1278.27,493.89,0.0
"""0572890""","""Walnut Ridge""",5.28,4449.62,1698.10,0.9
"""0573130""","""Ward""",0.63,2022.15,781.04,0.0
"""0573310""","""Warren""",1.32,753.70,385.23,0.0
"""0573370""","""Washington""",0.01,15.14,5.17,0.0
"""0573550""","""Watson""",0.00,0.38,0.19,0.0
"""0573940""","""Weiner""",0.01,11.39,4.87,0.0
"""0574000""","""Weldon""",0.00,1.80,0.78,0.0
"""0574270""","""West Crossett""",0.72,697.75,262.94,0.0
"""0574330""","""Western Grove""",0.01,23.98,8.58,0.0
"""0574360""","""West Fork""",0.34,527.05,207.61,0.6
"""0574540""","""West Memphis""",20.77,23831.38,9495.35,2.4
"""0574660""","""West Point""",0.03,15.86,7.75,0.0
"""0574840""","""Wheatley""",0.03,36.78,14.09,0.0
"""0574930""","""Whelen Springs""",0.00,2.30,0.99,0.0
"""0575170""","""White Hall""",3.59,3980.17,1534.59,0.0
"""0575500""","""Wickes""",0.03,51.38,16.70,0.0
"""0575560""","""Widener""",0.00,2.99,1.28,0.0
"""0575570""","""Wiederkehr Village""",0.09,111.34,50.96,0.0
"""0575740""","""Williford""",0.01,8.67,3.68,0.0
"""0575770""","""Willisville""",0.02,12.44,6.26,0.0
"""0575860""","""Wilmar""",0.19,108.61,35.29,0.0
"""0575890""","""Wilmot""",0.04,21.12,9.92,0.0
"""0575920""","""Wilson""",0.04,47.05,18.28,0.0
"""0575980""","""Wilton""",0.05,45.58,19.74,0.0
"""0576010""","""Winchester""",0.00,5.69,1.88,0.0
"""0576190""","""Winslow""",0.03,35.05,14.17,0.0
"""0576250""","""Winthrop""",0.01,11.97,4.78,0.0
"""0576690""","""Woodlawn""",0.04,60.80,24.47,0.0
"""0576730""","""Woodson""",0.12,149.60,29.59,0.7
"""0576820""","""Wooster""",0.28,546.06,202.22,0.0
"""0576970""","""Wrightsville""",0.19,265.99,84.77,1.1
"""0577090""","""Wynne""",5.66,5403.79,2039.61,0.0
"""0577203""","""Yarborough Landing""",0.03,40.50,20.03,0.0
"""0577330""","""Yellville""",0.31,350.69,133.56,0.0
"""0577600""","""Zinc""",0.02,22.14,8.06,0.0
